#ppt,"","",""
"",eco2,eco2,eco2
TIMESTEP,MEAN(mm),VARIANCE(mm^2),STD_DEV(mm)
2001-01-01T00:00:00Z,198.198827586207,0,0
2001-02-01T00:00:00Z,182.853724137931,0,0
2001-03-01T00:00:00Z,188.800827586207,0,0
2001-04-01T00:00:00Z,177.659862068965,0,0
2001-05-01T00:00:00Z,156.47275862069,0,0
2001-06-01T00:00:00Z,179.026206896552,0,0
2001-07-01T00:00:00Z,155.94724137931,0,0
2001-08-01T00:00:00Z,153.293379310345,0,0
2001-09-01T00:00:00Z,162.192137931035,0,0
2001-10-01T00:00:00Z,168.755785714286,0,0
2001-11-01T00:00:00Z,171.537586206896,0,0
2001-12-01T00:00:00Z,196.061724137931,0,0
2002-01-01T00:00:00Z,198.198827586207,0,0
2002-02-01T00:00:00Z,182.853724137931,0,0
2002-03-01T00:00:00Z,188.800827586207,0,0
2002-04-01T00:00:00Z,177.659862068965,0,0
2002-05-01T00:00:00Z,156.47275862069,0,0
2002-06-01T00:00:00Z,179.026206896552,0,0
2002-07-01T00:00:00Z,155.94724137931,0,0
2002-08-01T00:00:00Z,153.293379310345,0,0
2002-09-01T00:00:00Z,162.192137931035,0,0
2002-10-01T00:00:00Z,168.755785714286,0,0
2002-11-01T00:00:00Z,171.537586206896,0,0
2002-12-01T00:00:00Z,196.061724137931,0,0
2003-01-01T00:00:00Z,198.198827586207,0,0
2003-02-01T00:00:00Z,182.853724137931,0,0
2003-03-01T00:00:00Z,188.800827586207,0,0
2003-04-01T00:00:00Z,177.659862068965,0,0
2003-05-01T00:00:00Z,156.47275862069,0,0
2003-06-01T00:00:00Z,179.026206896552,0,0
2003-07-01T00:00:00Z,155.94724137931,0,0
2003-08-01T00:00:00Z,153.293379310345,0,0
2003-09-01T00:00:00Z,162.192137931035,0,0
2003-10-01T00:00:00Z,168.755785714286,0,0
2003-11-01T00:00:00Z,171.537586206896,0,0
2003-12-01T00:00:00Z,196.061724137931,0,0
2004-01-01T00:00:00Z,198.198827586207,0,0
2004-02-01T00:00:00Z,182.853724137931,0,0
2004-03-01T00:00:00Z,188.800827586207,0,0
2004-04-01T00:00:00Z,177.659862068965,0,0
2004-05-01T00:00:00Z,156.47275862069,0,0
2004-06-01T00:00:00Z,179.026206896552,0,0
2004-07-01T00:00:00Z,155.94724137931,0,0
2004-08-01T00:00:00Z,153.293379310345,0,0
2004-09-01T00:00:00Z,162.192137931035,0,0
2004-10-01T00:00:00Z,168.755785714286,0,0
2004-11-01T00:00:00Z,171.537586206896,0,0
2004-12-01T00:00:00Z,196.061724137931,0,0
2005-01-01T00:00:00Z,198.198827586207,0,0
2005-02-01T00:00:00Z,182.853724137931,0,0
2005-03-01T00:00:00Z,188.800827586207,0,0
2005-04-01T00:00:00Z,177.659862068965,0,0
2005-05-01T00:00:00Z,156.47275862069,0,0
2005-06-01T00:00:00Z,179.026206896552,0,0
2005-07-01T00:00:00Z,155.94724137931,0,0
2005-08-01T00:00:00Z,153.293379310345,0,0
2005-09-01T00:00:00Z,162.192137931035,0,0
2005-10-01T00:00:00Z,168.755785714286,0,0
2005-11-01T00:00:00Z,171.537586206896,0,0
2005-12-01T00:00:00Z,196.061724137931,0,0
2006-01-01T00:00:00Z,198.198827586207,0,0
2006-02-01T00:00:00Z,182.853724137931,0,0
2006-03-01T00:00:00Z,188.800827586207,0,0
2006-04-01T00:00:00Z,177.659862068965,0,0
2006-05-01T00:00:00Z,156.47275862069,0,0
2006-06-01T00:00:00Z,179.026206896552,0,0
2006-07-01T00:00:00Z,155.94724137931,0,0
2006-08-01T00:00:00Z,153.293379310345,0,0
2006-09-01T00:00:00Z,162.192137931035,0,0
2006-10-01T00:00:00Z,168.755785714286,0,0
2006-11-01T00:00:00Z,171.537586206896,0,0
2006-12-01T00:00:00Z,196.061724137931,0,0
2007-01-01T00:00:00Z,198.198827586207,0,0
2007-02-01T00:00:00Z,182.853724137931,0,0
2007-03-01T00:00:00Z,188.800827586207,0,0
2007-04-01T00:00:00Z,177.659862068965,0,0
2007-05-01T00:00:00Z,156.47275862069,0,0
2007-06-01T00:00:00Z,179.026206896552,0,0
2007-07-01T00:00:00Z,155.94724137931,0,0
2007-08-01T00:00:00Z,153.293379310345,0,0
2007-09-01T00:00:00Z,162.192137931035,0,0
2007-10-01T00:00:00Z,168.755785714286,0,0
2007-11-01T00:00:00Z,171.537586206896,0,0
2007-12-01T00:00:00Z,196.061724137931,0,0
2008-01-01T00:00:00Z,198.198827586207,0,0
2008-02-01T00:00:00Z,182.853724137931,0,0
2008-03-01T00:00:00Z,188.800827586207,0,0
2008-04-01T00:00:00Z,177.659862068965,0,0
2008-05-01T00:00:00Z,156.47275862069,0,0
2008-06-01T00:00:00Z,179.026206896552,0,0
2008-07-01T00:00:00Z,155.94724137931,0,0
2008-08-01T00:00:00Z,153.293379310345,0,0
2008-09-01T00:00:00Z,162.192137931035,0,0
2008-10-01T00:00:00Z,168.755785714286,0,0
2008-11-01T00:00:00Z,171.537586206896,0,0
2008-12-01T00:00:00Z,196.061724137931,0,0
2009-01-01T00:00:00Z,198.198827586207,0,0
2009-02-01T00:00:00Z,182.853724137931,0,0
2009-03-01T00:00:00Z,188.800827586207,0,0
2009-04-01T00:00:00Z,177.659862068965,0,0
2009-05-01T00:00:00Z,156.47275862069,0,0
2009-06-01T00:00:00Z,179.026206896552,0,0
2009-07-01T00:00:00Z,155.94724137931,0,0
2009-08-01T00:00:00Z,153.293379310345,0,0
2009-09-01T00:00:00Z,162.192137931035,0,0
2009-10-01T00:00:00Z,168.755785714286,0,0
2009-11-01T00:00:00Z,171.537586206896,0,0
2009-12-01T00:00:00Z,196.061724137931,0,0
2010-01-01T00:00:00Z,198.198827586207,0,0
2010-02-01T00:00:00Z,182.853724137931,0,0
2010-03-01T00:00:00Z,188.800827586207,0,0
2010-04-01T00:00:00Z,177.659862068965,0,0
2010-05-01T00:00:00Z,156.47275862069,0,0
2010-06-01T00:00:00Z,179.026206896552,0,0
2010-07-01T00:00:00Z,155.94724137931,0,0
2010-08-01T00:00:00Z,153.293379310345,0,0
2010-09-01T00:00:00Z,162.192137931035,0,0
2010-10-01T00:00:00Z,168.755785714286,0,0
2010-11-01T00:00:00Z,171.537586206896,0,0
2010-12-01T00:00:00Z,196.061724137931,0,0
2011-01-01T00:00:00Z,97.536,0,0
2011-02-01T00:00:00Z,131.064,0,0
2011-03-01T00:00:00Z,373.38,0,0
2011-04-01T00:00:00Z,286.512,0,0
2011-05-01T00:00:00Z,100.838,0,0
2011-06-01T00:00:00Z,141.732,0,0
2011-07-01T00:00:00Z,73.914,0,0
2011-08-01T00:00:00Z,25.908,0,0
2011-09-01T00:00:00Z,204.724,0,0
2011-10-01T00:00:00Z,78.74,0,0
2011-11-01T00:00:00Z,264.16,0,0
2011-12-01T00:00:00Z,211.328,0,0
2012-01-01T00:00:00Z,229.362,0,0
2012-02-01T00:00:00Z,95.504,0,0
2012-03-01T00:00:00Z,157.734,0,0
2012-04-01T00:00:00Z,198.12,0,0
2012-05-01T00:00:00Z,160.782,0,0
2012-06-01T00:00:00Z,107.442,0,0
2012-07-01T00:00:00Z,283.972,0,0
2012-08-01T00:00:00Z,111.252,0,0
2012-09-01T00:00:00Z,139.446,0,0
2012-10-01T00:00:00Z,211.836,0,0
2012-11-01T00:00:00Z,25.908,0,0
2012-12-01T00:00:00Z,196.342,0,0
2013-01-01T00:00:00Z,535.94,0,0
2013-02-01T00:00:00Z,182.88,0,0
2013-03-01T00:00:00Z,169.164,0,0
2013-04-01T00:00:00Z,242.062,0,0
2013-05-01T00:00:00Z,141.732,0,0
2013-06-01T00:00:00Z,232.664,0,0
2013-07-01T00:00:00Z,468.376,0,0
2013-08-01T00:00:00Z,104.648,0,0
2013-09-01T00:00:00Z,114.808,0,0
2013-10-01T00:00:00Z,62.992,0,0
2013-11-01T00:00:00Z,182.372,0,0
2013-12-01T00:00:00Z,335.534,0,0
2014-01-01T00:00:00Z,117.856,0,0
2014-02-01T00:00:00Z,149.86,0,0
2014-03-01T00:00:00Z,116.84,0,0
2014-04-01T00:00:00Z,200.66,0,0
2014-05-01T00:00:00Z,95.758,0,0
2014-06-01T00:00:00Z,232.664,0,0
2014-07-01T00:00:00Z,189.738,0,0
2014-08-01T00:00:00Z,107.696,0,0
2014-09-01T00:00:00Z,81.28,0,0
2014-10-01T00:00:00Z,266.192,0,0
2014-11-01T00:00:00Z,127.254,0,0
2014-12-01T00:00:00Z,131.064,0,0
2015-01-01T00:00:00Z,114.3,0,0
2015-02-01T00:00:00Z,165.862,0,0
2015-03-01T00:00:00Z,119.38,0,0
2015-04-01T00:00:00Z,256.032,0,0
2015-05-01T00:00:00Z,94.488,0,0
2015-06-01T00:00:00Z,163.068,0,0
2015-07-01T00:00:00Z,148.59,0,0
2015-08-01T00:00:00Z,161.798,0,0
2015-09-01T00:00:00Z,148.844,0,0
2015-10-01T00:00:00Z,242.57,0,0
2015-11-01T00:00:00Z,295.402,0,0
2015-12-01T00:00:00Z,609.854,0,0
2016-01-01T00:00:00Z,125.984,0,0
2016-02-01T00:00:00Z,273.558,0,0
2016-03-01T00:00:00Z,105.664,0,0
2016-04-01T00:00:00Z,120.65,0,0
2016-05-01T00:00:00Z,80.772,0,0
2016-06-01T00:00:00Z,128.524,0,0
2016-07-01T00:00:00Z,171.45,0,0
2016-08-01T00:00:00Z,144.018,0,0
2016-09-01T00:00:00Z,28.956,0,0
2016-10-01T00:00:00Z,12.446,0,0
2016-11-01T00:00:00Z,123.444,0,0
2016-12-01T00:00:00Z,136.144,0,0
2017-01-01T00:00:00Z,161.544,0,0
2017-02-01T00:00:00Z,106.426,0,0
2017-03-01T00:00:00Z,179.832,0,0
2017-04-01T00:00:00Z,201.422,0,0
2017-05-01T00:00:00Z,262.382,0,0
2017-06-01T00:00:00Z,193.04,0,0
2017-07-01T00:00:00Z,89.154,0,0
2017-08-01T00:00:00Z,152.4,0,0
2017-09-01T00:00:00Z,113.03,0,0
2017-10-01T00:00:00Z,319.786,0,0
2017-11-01T00:00:00Z,64.008,0,0
2017-12-01T00:00:00Z,103.124,0,0
2018-01-01T00:00:00Z,162.052,0,0
2018-02-01T00:00:00Z,333.756,0,0
2018-03-01T00:00:00Z,144.018,0,0
2018-04-01T00:00:00Z,229.87,0,0
2018-05-01T00:00:00Z,488.696,0,0
2018-06-01T00:00:00Z,79.248,0,0
2018-07-01T00:00:00Z,265.43,0,0
2018-08-01T00:00:00Z,262.382,0,0
2018-09-01T00:00:00Z,155.194,0,0
2018-10-01T00:00:00Z,179.324,0,0
2018-11-01T00:00:00Z,251.968,0,0
2018-12-01T00:00:00Z,372.872,0,0
2019-01-01T00:00:00Z,197.866,0,0
2019-02-01T00:00:00Z,373.888,0,0
2019-03-01T00:00:00Z,194.818,0,0
2019-04-01T00:00:00Z,306.324,0,0
2019-05-01T00:00:00Z,156.718,0,0
2019-06-01T00:00:00Z,246.634,0,0
2019-07-01T00:00:00Z,86.36,0,0
2019-08-01T00:00:00Z,71.628,0,0
2019-09-01T00:00:00Z,10.16,0,0
2019-10-01T00:00:00Z,398.526,0,0
2019-11-01T00:00:00Z,93.726,0,0
2019-12-01T00:00:00Z,230.886,0,0
2020-01-01T00:00:00Z,291.338,0,0
2020-02-01T00:00:00Z,393.192,0,0
2020-03-01T00:00:00Z,212.598,0,0
2020-04-01T00:00:00Z,322.834,0,0
2020-05-01T00:00:00Z,246.634,0,0
2020-06-01T00:00:00Z,137.16,0,0
2020-07-01T00:00:00Z,166.37,0,0
2020-08-01T00:00:00Z,258.572,0,0
2020-09-01T00:00:00Z,229.616,0,0
2020-10-01T00:00:00Z,379.476,0,0
2020-11-01T00:00:00Z,171.958,0,0
2020-12-01T00:00:00Z,175.514,0,0
2021-01-01T00:00:00Z,143.256,0,0
2021-02-01T00:00:00Z,189.484,0,0
2021-03-01T00:00:00Z,368.046,0,0
2021-04-01T00:00:00Z,70.612,0,0
2021-05-01T00:00:00Z,138.938,0,0
2021-06-01T00:00:00Z,142.494,0,0
2021-07-01T00:00:00Z,122.174,0,0
2021-08-01T00:00:00Z,417.83,0,0
2021-09-01T00:00:00Z,106.68,0,0
2021-10-01T00:00:00Z,189.992,0,0
2021-11-01T00:00:00Z,43.688,0,0
2021-12-01T00:00:00Z,136.398,0,0
#mintemp,"","",""
"",eco2,eco2,eco2
TIMESTEP,MEAN(CELSIUS),VARIANCE(CELSIUS^2),STD_DEV(CELSIUS)
2001-01-01T00:00:00Z,-2.85074106364429,0,0
2001-02-01T00:00:00Z,-1.21948142724005,0,0
2001-03-01T00:00:00Z,1.87273489370264,0,0
2001-04-01T00:00:00Z,5.46744019881951,0,0
2001-05-01T00:00:00Z,10.0274019180471,0,0
2001-06-01T00:00:00Z,14.1676216216216,0,0
2001-07-01T00:00:00Z,16.295379250218,0,0
2001-08-01T00:00:00Z,16.0056861185893,0,0
2001-09-01T00:00:00Z,12.4861261261261,0,0
2001-10-01T00:00:00Z,6.3871839581517,0,0
2001-11-01T00:00:00Z,1.33882882882883,0,0
2001-12-01T00:00:00Z,-1.39128160418483,0,0
2002-01-01T00:00:00Z,-2.85074106364429,0,0
2002-02-01T00:00:00Z,-1.21948142724005,0,0
2002-03-01T00:00:00Z,1.87273489370264,0,0
2002-04-01T00:00:00Z,5.46744019881951,0,0
2002-05-01T00:00:00Z,10.0274019180471,0,0
2002-06-01T00:00:00Z,14.1676216216216,0,0
2002-07-01T00:00:00Z,16.295379250218,0,0
2002-08-01T00:00:00Z,16.0056861185893,0,0
2002-09-01T00:00:00Z,12.4861261261261,0,0
2002-10-01T00:00:00Z,6.3871839581517,0,0
2002-11-01T00:00:00Z,1.33882882882883,0,0
2002-12-01T00:00:00Z,-1.39128160418483,0,0
2003-01-01T00:00:00Z,-2.85074106364429,0,0
2003-02-01T00:00:00Z,-1.21948142724005,0,0
2003-03-01T00:00:00Z,1.87273489370264,0,0
2003-04-01T00:00:00Z,5.46744019881951,0,0
2003-05-01T00:00:00Z,10.0274019180471,0,0
2003-06-01T00:00:00Z,14.1676216216216,0,0
2003-07-01T00:00:00Z,16.295379250218,0,0
2003-08-01T00:00:00Z,16.0056861185893,0,0
2003-09-01T00:00:00Z,12.4861261261261,0,0
2003-10-01T00:00:00Z,6.3871839581517,0,0
2003-11-01T00:00:00Z,1.33882882882883,0,0
2003-12-01T00:00:00Z,-1.39128160418483,0,0
2004-01-01T00:00:00Z,-2.85074106364429,0,0
2004-02-01T00:00:00Z,-1.21948142724005,0,0
2004-03-01T00:00:00Z,1.87273489370264,0,0
2004-04-01T00:00:00Z,5.46744019881951,0,0
2004-05-01T00:00:00Z,10.0274019180471,0,0
2004-06-01T00:00:00Z,14.1676216216216,0,0
2004-07-01T00:00:00Z,16.295379250218,0,0
2004-08-01T00:00:00Z,16.0056861185893,0,0
2004-09-01T00:00:00Z,12.4861261261261,0,0
2004-10-01T00:00:00Z,6.3871839581517,0,0
2004-11-01T00:00:00Z,1.33882882882883,0,0
2004-12-01T00:00:00Z,-1.39128160418483,0,0
2005-01-01T00:00:00Z,-2.85074106364429,0,0
2005-02-01T00:00:00Z,-1.21948142724005,0,0
2005-03-01T00:00:00Z,1.87273489370264,0,0
2005-04-01T00:00:00Z,5.46744019881951,0,0
2005-05-01T00:00:00Z,10.0274019180471,0,0
2005-06-01T00:00:00Z,14.1676216216216,0,0
2005-07-01T00:00:00Z,16.295379250218,0,0
2005-08-01T00:00:00Z,16.0056861185893,0,0
2005-09-01T00:00:00Z,12.4861261261261,0,0
2005-10-01T00:00:00Z,6.3871839581517,0,0
2005-11-01T00:00:00Z,1.33882882882883,0,0
2005-12-01T00:00:00Z,-1.39128160418483,0,0
2006-01-01T00:00:00Z,-2.85074106364429,0,0
2006-02-01T00:00:00Z,-1.21948142724005,0,0
2006-03-01T00:00:00Z,1.87273489370264,0,0
2006-04-01T00:00:00Z,5.46744019881951,0,0
2006-05-01T00:00:00Z,10.0274019180471,0,0
2006-06-01T00:00:00Z,14.1676216216216,0,0
2006-07-01T00:00:00Z,16.295379250218,0,0
2006-08-01T00:00:00Z,16.0056861185893,0,0
2006-09-01T00:00:00Z,12.4861261261261,0,0
2006-10-01T00:00:00Z,6.3871839581517,0,0
2006-11-01T00:00:00Z,1.33882882882883,0,0
2006-12-01T00:00:00Z,-1.39128160418483,0,0
2007-01-01T00:00:00Z,-2.85074106364429,0,0
2007-02-01T00:00:00Z,-1.21948142724005,0,0
2007-03-01T00:00:00Z,1.87273489370264,0,0
2007-04-01T00:00:00Z,5.46744019881951,0,0
2007-05-01T00:00:00Z,10.0274019180471,0,0
2007-06-01T00:00:00Z,14.1676216216216,0,0
2007-07-01T00:00:00Z,16.295379250218,0,0
2007-08-01T00:00:00Z,16.0056861185893,0,0
2007-09-01T00:00:00Z,12.4861261261261,0,0
2007-10-01T00:00:00Z,6.3871839581517,0,0
2007-11-01T00:00:00Z,1.33882882882883,0,0
2007-12-01T00:00:00Z,-1.39128160418483,0,0
2008-01-01T00:00:00Z,-2.85074106364429,0,0
2008-02-01T00:00:00Z,-1.21948142724005,0,0
2008-03-01T00:00:00Z,1.87273489370264,0,0
2008-04-01T00:00:00Z,5.46744019881951,0,0
2008-05-01T00:00:00Z,10.0274019180471,0,0
2008-06-01T00:00:00Z,14.1676216216216,0,0
2008-07-01T00:00:00Z,16.295379250218,0,0
2008-08-01T00:00:00Z,16.0056861185893,0,0
2008-09-01T00:00:00Z,12.4861261261261,0,0
2008-10-01T00:00:00Z,6.3871839581517,0,0
2008-11-01T00:00:00Z,1.33882882882883,0,0
2008-12-01T00:00:00Z,-1.39128160418483,0,0
2009-01-01T00:00:00Z,-2.85074106364429,0,0
2009-02-01T00:00:00Z,-1.21948142724005,0,0
2009-03-01T00:00:00Z,1.87273489370264,0,0
2009-04-01T00:00:00Z,5.46744019881951,0,0
2009-05-01T00:00:00Z,10.0274019180471,0,0
2009-06-01T00:00:00Z,14.1676216216216,0,0
2009-07-01T00:00:00Z,16.295379250218,0,0
2009-08-01T00:00:00Z,16.0056861185893,0,0
2009-09-01T00:00:00Z,12.4861261261261,0,0
2009-10-01T00:00:00Z,6.3871839581517,0,0
2009-11-01T00:00:00Z,1.33882882882883,0,0
2009-12-01T00:00:00Z,-1.39128160418483,0,0
2010-01-01T00:00:00Z,-2.85074106364429,0,0
2010-02-01T00:00:00Z,-1.21948142724005,0,0
2010-03-01T00:00:00Z,1.87273489370264,0,0
2010-04-01T00:00:00Z,5.46744019881951,0,0
2010-05-01T00:00:00Z,10.0274019180471,0,0
2010-06-01T00:00:00Z,14.1676216216216,0,0
2010-07-01T00:00:00Z,16.295379250218,0,0
2010-08-01T00:00:00Z,16.0056861185893,0,0
2010-09-01T00:00:00Z,12.4861261261261,0,0
2010-10-01T00:00:00Z,6.3871839581517,0,0
2010-11-01T00:00:00Z,1.33882882882883,0,0
2010-12-01T00:00:00Z,-1.39128160418483,0,0
2011-01-01T00:00:00Z,-5.06129032258065,0,0
2011-02-01T00:00:00Z,-1.02857142857143,0,0
2011-03-01T00:00:00Z,3.52903225806452,0,0
2011-04-01T00:00:00Z,7.32333333333333,0,0
2011-05-01T00:00:00Z,9.68709677419355,0,0
2011-06-01T00:00:00Z,14.8533333333333,0,0
2011-07-01T00:00:00Z,17.7870967741936,0,0
2011-08-01T00:00:00Z,15.4774193548387,0,0
2011-09-01T00:00:00Z,12.2933333333333,0,0
2011-10-01T00:00:00Z,4.50322580645161,0,0
2011-11-01T00:00:00Z,1.93333333333333,0,0
2011-12-01T00:00:00Z,-0.0161290322580646,0,0
2012-01-01T00:00:00Z,-0.964516129032258,0,0
2012-02-01T00:00:00Z,-0.420689655172414,0,0
2012-03-01T00:00:00Z,6.38064516129032,0,0
2012-04-01T00:00:00Z,7.59333333333333,0,0
2012-05-01T00:00:00Z,12.0129032258065,0,0
2012-06-01T00:00:00Z,13.3333333333333,0,0
2012-07-01T00:00:00Z,17.3870967741935,0,0
2012-08-01T00:00:00Z,15.1548387096774,0,0
2012-09-01T00:00:00Z,11.6666666666667,0,0
2012-10-01T00:00:00Z,6.36774193548387,0,0
2012-11-01T00:00:00Z,-0.92,0,0
2012-12-01T00:00:00Z,1.18064516129032,0,0
2013-01-01T00:00:00Z,1.06451612903226,0,0
2013-02-01T00:00:00Z,-1.93214285714286,0,0
2013-03-01T00:00:00Z,-0.635483870967742,0,0
2013-04-01T00:00:00Z,5.53333333333333,0,0
2013-05-01T00:00:00Z,9.49677419354839,0,0
2013-06-01T00:00:00Z,14.7266666666667,0,0
2013-07-01T00:00:00Z,16.7193548387097,0,0
2013-08-01T00:00:00Z,15.8645161290323,0,0
2013-09-01T00:00:00Z,12.6866666666667,0,0
2013-10-01T00:00:00Z,6.23870967741935,0,0
2013-11-01T00:00:00Z,-0.25,0,0
2013-12-01T00:00:00Z,-0.109677419354839,0,0
2014-01-01T00:00:00Z,-7.65806451612903,0,0
2014-02-01T00:00:00Z,-2.23571428571429,0,0
2014-03-01T00:00:00Z,0.138709677419355,0,0
2014-04-01T00:00:00Z,5.71666666666667,0,0
2014-05-01T00:00:00Z,9.61935483870968,0,0
2014-06-01T00:00:00Z,15.2566666666667,0,0
2014-07-01T00:00:00Z,14.958064516129,0,0
2014-08-01T00:00:00Z,15.1516129032258,0,0
2014-09-01T00:00:00Z,15.1833333333333,0,0
2014-10-01T00:00:00Z,6.08387096774194,0,0
2014-11-01T00:00:00Z,-1.57666666666667,0,0
2014-12-01T00:00:00Z,1.02903225806452,0,0
2015-01-01T00:00:00Z,-3.29354838709677,0,0
2015-02-01T00:00:00Z,-5.41428571428571,0,0
2015-03-01T00:00:00Z,3.60645161290323,0,0
2015-04-01T00:00:00Z,7.78333333333333,0,0
2015-05-01T00:00:00Z,10.7451612903226,0,0
2015-06-01T00:00:00Z,14.83,0,0
2015-07-01T00:00:00Z,16.6935483870968,0,0
2015-08-01T00:00:00Z,15.1612903225806,0,0
2015-09-01T00:00:00Z,12.8033333333333,0,0
2015-10-01T00:00:00Z,7.24193548387097,0,0
2015-11-01T00:00:00Z,4.75333333333333,0,0
2015-12-01T00:00:00Z,4.52258064516129,0,0
2016-01-01T00:00:00Z,-4.19032258064516,0,0
2016-02-01T00:00:00Z,-1.30344827586207,0,0
2016-03-01T00:00:00Z,3.42903225806452,0,0
2016-04-01T00:00:00Z,5.88333333333333,0,0
2016-05-01T00:00:00Z,9.8,0,0
2016-06-01T00:00:00Z,14.0266666666667,0,0
2016-07-01T00:00:00Z,16.6322580645161,0,0
2016-08-01T00:00:00Z,17.2967741935484,0,0
2016-09-01T00:00:00Z,13.0266666666667,0,0
2016-10-01T00:00:00Z,6.75161290322581,0,0
2016-11-01T00:00:00Z,1.28333333333333,0,0
2016-12-01T00:00:00Z,-0.732258064516129,0,0
2017-01-01T00:00:00Z,0.993548387096774,0,0
2017-02-01T00:00:00Z,0.975,0,0
2017-03-01T00:00:00Z,2.05806451612903,0,0
2017-04-01T00:00:00Z,8.83666666666667,0,0
2017-05-01T00:00:00Z,10.2354838709677,0,0
2017-06-01T00:00:00Z,14.0533333333333,0,0
2017-07-01T00:00:00Z,16.7,0,0
2017-08-01T00:00:00Z,15.758064516129,0,0
2017-09-01T00:00:00Z,10.8933333333333,0,0
2017-10-01T00:00:00Z,6.66451612903226,0,0
2017-11-01T00:00:00Z,1.99666666666667,0,0
2017-12-01T00:00:00Z,-1.1,0,0
2018-01-01T00:00:00Z,-5.71612903225806,0,0
2018-02-01T00:00:00Z,4.79285714285714,0,0
2018-03-01T00:00:00Z,1.92903225806452,0,0
2018-04-01T00:00:00Z,3.75666666666667,0,0
2018-05-01T00:00:00Z,13.5129032258065,0,0
2018-06-01T00:00:00Z,15.4133333333333,0,0
2018-07-01T00:00:00Z,16.7387096774194,0,0
2018-08-01T00:00:00Z,15.5322580645161,0,0
2018-09-01T00:00:00Z,16.5966666666667,0,0
2018-10-01T00:00:00Z,8.43870967741936,0,0
2018-11-01T00:00:00Z,0.606666666666667,0,0
2018-12-01T00:00:00Z,0.380645161290323,0,0
2019-01-01T00:00:00Z,-1.65483870967742,0,0
2019-02-01T00:00:00Z,3.47857142857143,0,0
2019-03-01T00:00:00Z,1.46129032258065,0,0
2019-04-01T00:00:00Z,6.79,0,0
2019-05-01T00:00:00Z,11.9806451612903,0,0
2019-06-01T00:00:00Z,14.3633333333333,0,0
2019-07-01T00:00:00Z,16.2903225806452,0,0
2019-08-01T00:00:00Z,15.9115384615385,0,0
2019-09-01T00:00:00Z,13.5766666666667,0,0
2019-10-01T00:00:00Z,8.99032258064516,0,0
2019-11-01T00:00:00Z,0.0666666666666667,0,0
2019-12-01T00:00:00Z,0.783870967741936,0,0
2020-01-01T00:00:00Z,0.17741935483871,0,0
2020-02-01T00:00:00Z,1.04827586206897,0,0
2020-03-01T00:00:00Z,6.15161290322581,0,0
2020-04-01T00:00:00Z,4.48,0,0
2020-05-01T00:00:00Z,9.58387096774194,0,0
2020-06-01T00:00:00Z,14.2833333333333,0,0
2020-07-01T00:00:00Z,17.1290322580645,0,0
2020-08-01T00:00:00Z,16.6516129032258,0,0
2020-09-01T00:00:00Z,13.0433333333333,0,0
2020-10-01T00:00:00Z,7.80967741935484,0,0
2020-11-01T00:00:00Z,2.92666666666667,0,0
2020-12-01T00:00:00Z,-2.70322580645161,0,0
2021-01-01T00:00:00Z,-1.79032258064516,0,0
2021-02-01T00:00:00Z,-0.55,0,0
2021-03-01T00:00:00Z,3.38709677419355,0,0
2021-04-01T00:00:00Z,4.43333333333333,0,0
2021-05-01T00:00:00Z,9.24516129032258,0,0
2021-06-01T00:00:00Z,14.7533333333333,0,0
2021-07-01T00:00:00Z,16.0225806451613,0,0
2021-08-01T00:00:00Z,16.5451612903226,0,0
2021-09-01T00:00:00Z,12.23,0,0
2021-10-01T00:00:00Z,8.77741935483871,0,0
2021-11-01T00:00:00Z,-1.06333333333333,0,0
2021-12-01T00:00:00Z,1.97741935483871,0,0
#maxtemp,"","",""
"",eco2,eco2,eco2
TIMESTEP,MEAN(CELSIUS),VARIANCE(CELSIUS^2),STD_DEV(CELSIUS)
2001-01-01T00:00:00Z,10.6415867480384,0,0
2001-02-01T00:00:00Z,12.6500532552257,0,0
2001-03-01T00:00:00Z,16.759134196231,0,0
2001-04-01T00:00:00Z,21.3969089779435,0,0
2001-05-01T00:00:00Z,24.8921127579192,0,0
2001-06-01T00:00:00Z,28.1376036036036,0,0
2001-07-01T00:00:00Z,29.6244986922406,0,0
2001-08-01T00:00:00Z,29.0402238999013,0,0
2001-09-01T00:00:00Z,26.0368468468468,0,0
2001-10-01T00:00:00Z,21.523016564952,0,0
2001-11-01T00:00:00Z,16.4217117117117,0,0
2001-12-01T00:00:00Z,11.8392327811683,0,0
2002-01-01T00:00:00Z,10.6415867480384,0,0
2002-02-01T00:00:00Z,12.6500532552257,0,0
2002-03-01T00:00:00Z,16.759134196231,0,0
2002-04-01T00:00:00Z,21.3969089779435,0,0
2002-05-01T00:00:00Z,24.8921127579192,0,0
2002-06-01T00:00:00Z,28.1376036036036,0,0
2002-07-01T00:00:00Z,29.6244986922406,0,0
2002-08-01T00:00:00Z,29.0402238999013,0,0
2002-09-01T00:00:00Z,26.0368468468468,0,0
2002-10-01T00:00:00Z,21.523016564952,0,0
2002-11-01T00:00:00Z,16.4217117117117,0,0
2002-12-01T00:00:00Z,11.8392327811683,0,0
2003-01-01T00:00:00Z,10.6415867480384,0,0
2003-02-01T00:00:00Z,12.6500532552257,0,0
2003-03-01T00:00:00Z,16.759134196231,0,0
2003-04-01T00:00:00Z,21.3969089779435,0,0
2003-05-01T00:00:00Z,24.8921127579192,0,0
2003-06-01T00:00:00Z,28.1376036036036,0,0
2003-07-01T00:00:00Z,29.6244986922406,0,0
2003-08-01T00:00:00Z,29.0402238999013,0,0
2003-09-01T00:00:00Z,26.0368468468468,0,0
2003-10-01T00:00:00Z,21.523016564952,0,0
2003-11-01T00:00:00Z,16.4217117117117,0,0
2003-12-01T00:00:00Z,11.8392327811683,0,0
2004-01-01T00:00:00Z,10.6415867480384,0,0
2004-02-01T00:00:00Z,12.6500532552257,0,0
2004-03-01T00:00:00Z,16.759134196231,0,0
2004-04-01T00:00:00Z,21.3969089779435,0,0
2004-05-01T00:00:00Z,24.8921127579192,0,0
2004-06-01T00:00:00Z,28.1376036036036,0,0
2004-07-01T00:00:00Z,29.6244986922406,0,0
2004-08-01T00:00:00Z,29.0402238999013,0,0
2004-09-01T00:00:00Z,26.0368468468468,0,0
2004-10-01T00:00:00Z,21.523016564952,0,0
2004-11-01T00:00:00Z,16.4217117117117,0,0
2004-12-01T00:00:00Z,11.8392327811683,0,0
2005-01-01T00:00:00Z,10.6415867480384,0,0
2005-02-01T00:00:00Z,12.6500532552257,0,0
2005-03-01T00:00:00Z,16.759134196231,0,0
2005-04-01T00:00:00Z,21.3969089779435,0,0
2005-05-01T00:00:00Z,24.8921127579192,0,0
2005-06-01T00:00:00Z,28.1376036036036,0,0
2005-07-01T00:00:00Z,29.6244986922406,0,0
2005-08-01T00:00:00Z,29.0402238999013,0,0
2005-09-01T00:00:00Z,26.0368468468468,0,0
2005-10-01T00:00:00Z,21.523016564952,0,0
2005-11-01T00:00:00Z,16.4217117117117,0,0
2005-12-01T00:00:00Z,11.8392327811683,0,0
2006-01-01T00:00:00Z,10.6415867480384,0,0
2006-02-01T00:00:00Z,12.6500532552257,0,0
2006-03-01T00:00:00Z,16.759134196231,0,0
2006-04-01T00:00:00Z,21.3969089779435,0,0
2006-05-01T00:00:00Z,24.8921127579192,0,0
2006-06-01T00:00:00Z,28.1376036036036,0,0
2006-07-01T00:00:00Z,29.6244986922406,0,0
2006-08-01T00:00:00Z,29.0402238999013,0,0
2006-09-01T00:00:00Z,26.0368468468468,0,0
2006-10-01T00:00:00Z,21.523016564952,0,0
2006-11-01T00:00:00Z,16.4217117117117,0,0
2006-12-01T00:00:00Z,11.8392327811683,0,0
2007-01-01T00:00:00Z,10.6415867480384,0,0
2007-02-01T00:00:00Z,12.6500532552257,0,0
2007-03-01T00:00:00Z,16.759134196231,0,0
2007-04-01T00:00:00Z,21.3969089779435,0,0
2007-05-01T00:00:00Z,24.8921127579192,0,0
2007-06-01T00:00:00Z,28.1376036036036,0,0
2007-07-01T00:00:00Z,29.6244986922406,0,0
2007-08-01T00:00:00Z,29.0402238999013,0,0
2007-09-01T00:00:00Z,26.0368468468468,0,0
2007-10-01T00:00:00Z,21.523016564952,0,0
2007-11-01T00:00:00Z,16.4217117117117,0,0
2007-12-01T00:00:00Z,11.8392327811683,0,0
2008-01-01T00:00:00Z,10.6415867480384,0,0
2008-02-01T00:00:00Z,12.6500532552257,0,0
2008-03-01T00:00:00Z,16.759134196231,0,0
2008-04-01T00:00:00Z,21.3969089779435,0,0
2008-05-01T00:00:00Z,24.8921127579192,0,0
2008-06-01T00:00:00Z,28.1376036036036,0,0
2008-07-01T00:00:00Z,29.6244986922406,0,0
2008-08-01T00:00:00Z,29.0402238999013,0,0
2008-09-01T00:00:00Z,26.0368468468468,0,0
2008-10-01T00:00:00Z,21.523016564952,0,0
2008-11-01T00:00:00Z,16.4217117117117,0,0
2008-12-01T00:00:00Z,11.8392327811683,0,0
2009-01-01T00:00:00Z,10.6415867480384,0,0
2009-02-01T00:00:00Z,12.6500532552257,0,0
2009-03-01T00:00:00Z,16.759134196231,0,0
2009-04-01T00:00:00Z,21.3969089779435,0,0
2009-05-01T00:00:00Z,24.8921127579192,0,0
2009-06-01T00:00:00Z,28.1376036036036,0,0
2009-07-01T00:00:00Z,29.6244986922406,0,0
2009-08-01T00:00:00Z,29.0402238999013,0,0
2009-09-01T00:00:00Z,26.0368468468468,0,0
2009-10-01T00:00:00Z,21.523016564952,0,0
2009-11-01T00:00:00Z,16.4217117117117,0,0
2009-12-01T00:00:00Z,11.8392327811683,0,0
2010-01-01T00:00:00Z,10.6415867480384,0,0
2010-02-01T00:00:00Z,12.6500532552257,0,0
2010-03-01T00:00:00Z,16.759134196231,0,0
2010-04-01T00:00:00Z,21.3969089779435,0,0
2010-05-01T00:00:00Z,24.8921127579192,0,0
2010-06-01T00:00:00Z,28.1376036036036,0,0
2010-07-01T00:00:00Z,29.6244986922406,0,0
2010-08-01T00:00:00Z,29.0402238999013,0,0
2010-09-01T00:00:00Z,26.0368468468468,0,0
2010-10-01T00:00:00Z,21.523016564952,0,0
2010-11-01T00:00:00Z,16.4217117117117,0,0
2010-12-01T00:00:00Z,11.8392327811683,0,0
2011-01-01T00:00:00Z,7.78709677419355,0,0
2011-02-01T00:00:00Z,14.1821428571429,0,0
2011-03-01T00:00:00Z,16.8645161290323,0,0
2011-04-01T00:00:00Z,23,0,0
2011-05-01T00:00:00Z,25.7096774193548,0,0
2011-06-01T00:00:00Z,30.0066666666667,0,0
2011-07-01T00:00:00Z,31.0193548387097,0,0
2011-08-01T00:00:00Z,30.9516129032258,0,0
2011-09-01T00:00:00Z,25.2033333333333,0,0
2011-10-01T00:00:00Z,20.1451612903226,0,0
2011-11-01T00:00:00Z,16.15,0,0
2011-12-01T00:00:00Z,13.4967741935484,0,0
2012-01-01T00:00:00Z,11.8806451612903,0,0
2012-02-01T00:00:00Z,13.8655172413793,0,0
2012-03-01T00:00:00Z,20.6032258064516,0,0
2012-04-01T00:00:00Z,22.04,0,0
2012-05-01T00:00:00Z,25.2129032258064,0,0
2012-06-01T00:00:00Z,27.5866666666667,0,0
2012-07-01T00:00:00Z,29.8451612903226,0,0
2012-08-01T00:00:00Z,27.6935483870968,0,0
2012-09-01T00:00:00Z,25.2133333333333,0,0
2012-10-01T00:00:00Z,19.6967741935484,0,0
2012-11-01T00:00:00Z,16.2533333333333,0,0
2012-12-01T00:00:00Z,13.0741935483871,0,0
2013-01-01T00:00:00Z,12.3516129032258,0,0
2013-02-01T00:00:00Z,10.6392857142857,0,0
2013-03-01T00:00:00Z,12.2258064516129,0,0
2013-04-01T00:00:00Z,20.14,0,0
2013-05-01T00:00:00Z,22.8645161290323,0,0
2013-06-01T00:00:00Z,27.34,0,0
2013-07-01T00:00:00Z,27.2032258064516,0,0
2013-08-01T00:00:00Z,26.858064516129,0,0
2013-09-01T00:00:00Z,25.0333333333333,0,0
2013-10-01T00:00:00Z,21.1548387096774,0,0
2013-11-01T00:00:00Z,14.1866666666667,0,0
2013-12-01T00:00:00Z,12.4354838709677,0,0
2014-01-01T00:00:00Z,7.63225806451613,0,0
2014-02-01T00:00:00Z,12.3678571428571,0,0
2014-03-01T00:00:00Z,15.5225806451613,0,0
2014-04-01T00:00:00Z,21.3233333333333,0,0
2014-05-01T00:00:00Z,25.3322580645161,0,0
2014-06-01T00:00:00Z,27.67,0,0
2014-07-01T00:00:00Z,27.5290322580645,0,0
2014-08-01T00:00:00Z,28.3935483870968,0,0
2014-09-01T00:00:00Z,26.3666666666667,0,0
2014-10-01T00:00:00Z,21.658064516129,0,0
2014-11-01T00:00:00Z,14.29,0,0
2014-12-01T00:00:00Z,13.741935483871,0,0
2015-01-01T00:00:00Z,10.0806451612903,0,0
2015-02-01T00:00:00Z,8.22857142857143,0,0
2015-03-01T00:00:00Z,18.0193548387097,0,0
2015-04-01T00:00:00Z,21.1966666666667,0,0
2015-05-01T00:00:00Z,25.7387096774194,0,0
2015-06-01T00:00:00Z,28.9166666666667,0,0
2015-07-01T00:00:00Z,29.2129032258064,0,0
2015-08-01T00:00:00Z,28.4064516129032,0,0
2015-09-01T00:00:00Z,25.4866666666667,0,0
2015-10-01T00:00:00Z,20.9129032258065,0,0
2015-11-01T00:00:00Z,17.13,0,0
2015-12-01T00:00:00Z,16.8903225806452,0,0
2016-01-01T00:00:00Z,8.72903225806452,0,0
2016-02-01T00:00:00Z,10.9586206896552,0,0
2016-03-01T00:00:00Z,19.0645161290323,0,0
2016-04-01T00:00:00Z,21.5233333333333,0,0
2016-05-01T00:00:00Z,24.0451612903226,0,0
2016-06-01T00:00:00Z,29.27,0,0
2016-07-01T00:00:00Z,30.5935483870968,0,0
2016-08-01T00:00:00Z,29.1645161290323,0,0
2016-09-01T00:00:00Z,28.43,0,0
2016-10-01T00:00:00Z,24.0451612903226,0,0
2016-11-01T00:00:00Z,18.5966666666667,0,0
2016-12-01T00:00:00Z,12.0677419354839,0,0
2017-01-01T00:00:00Z,13.0354838709677,0,0
2017-02-01T00:00:00Z,16.725,0,0
2017-03-01T00:00:00Z,16.1516129032258,0,0
2017-04-01T00:00:00Z,23.0166666666667,0,0
2017-05-01T00:00:00Z,24.8548387096774,0,0
2017-06-01T00:00:00Z,26.79,0,0
2017-07-01T00:00:00Z,30.2096774193548,0,0
2017-08-01T00:00:00Z,28.5,0,0
2017-09-01T00:00:00Z,25.93,0,0
2017-10-01T00:00:00Z,22.6,0,0
2017-11-01T00:00:00Z,17.6233333333333,0,0
2017-12-01T00:00:00Z,10.8451612903226,0,0
2018-01-01T00:00:00Z,8.45161290322581,0,0
2018-02-01T00:00:00Z,16.4142857142857,0,0
2018-03-01T00:00:00Z,14.3516129032258,0,0
2018-04-01T00:00:00Z,19.6033333333333,0,0
2018-05-01T00:00:00Z,26.9935483870968,0,0
2018-06-01T00:00:00Z,29.55,0,0
2018-07-01T00:00:00Z,29.1483870967742,0,0
2018-08-01T00:00:00Z,28.8,0,0
2018-09-01T00:00:00Z,28.12,0,0
2018-10-01T00:00:00Z,22.441935483871,0,0
2018-11-01T00:00:00Z,13.7333333333333,0,0
2018-12-01T00:00:00Z,11.5354838709677,0,0
2019-01-01T00:00:00Z,10.158064516129,0,0
2019-02-01T00:00:00Z,15.4964285714286,0,0
2019-03-01T00:00:00Z,15.8774193548387,0,0
2019-04-01T00:00:00Z,22.56,0,0
2019-05-01T00:00:00Z,26.958064516129,0,0
2019-06-01T00:00:00Z,27.37,0,0
2019-07-01T00:00:00Z,29.7612903225806,0,0
2019-08-01T00:00:00Z,29.2230769230769,0,0
2019-09-01T00:00:00Z,29.9366666666667,0,0
2019-10-01T00:00:00Z,22.658064516129,0,0
2019-11-01T00:00:00Z,16.45,0,0
2019-12-01T00:00:00Z,13.7677419354839,0,0
2020-01-01T00:00:00Z,12.0290322580645,0,0
2020-02-01T00:00:00Z,12.9896551724138,0,0
2020-03-01T00:00:00Z,18.4806451612903,0,0
2020-04-01T00:00:00Z,20.0766666666667,0,0
2020-05-01T00:00:00Z,23.2193548387097,0,0
2020-06-01T00:00:00Z,27.41,0,0
2020-07-01T00:00:00Z,29.8903225806452,0,0
2020-08-01T00:00:00Z,28.7838709677419,0,0
2020-09-01T00:00:00Z,25.3833333333333,0,0
2020-10-01T00:00:00Z,22.9096774193548,0,0
2020-11-01T00:00:00Z,18.9766666666667,0,0
2020-12-01T00:00:00Z,11.3612903225806,0,0
2021-01-01T00:00:00Z,10.8741935483871,0,0
2021-02-01T00:00:00Z,12.5928571428571,0,0
2021-03-01T00:00:00Z,18.6935483870968,0,0
2021-04-01T00:00:00Z,20.9633333333333,0,0
2021-05-01T00:00:00Z,23.8,0,0
2021-06-01T00:00:00Z,27.69,0,0
2021-07-01T00:00:00Z,28.9516129032258,0,0
2021-08-01T00:00:00Z,28.8741935483871,0,0
2021-09-01T00:00:00Z,25.8233333333333,0,0
2021-10-01T00:00:00Z,22.0838709677419,0,0
2021-11-01T00:00:00Z,16.3466666666667,0,0
2021-12-01T00:00:00Z,17.0483870967742,0,0
#CO2,"","",""
"",eco2,eco2,eco2
TIMESTEP,MEAN(ppm),VARIANCE(ppm^2),STD_DEV(ppm)
2001-01-01T00:00:00Z,376,0,0
2001-02-01T00:00:00Z,376,0,0
2001-03-01T00:00:00Z,377,0,0
2001-04-01T00:00:00Z,379,0,0
2001-05-01T00:00:00Z,379,0,0
2001-06-01T00:00:00Z,379,0,0
2001-07-01T00:00:00Z,377,0,0
2001-08-01T00:00:00Z,375,0,0
2001-09-01T00:00:00Z,373,0,0
2001-10-01T00:00:00Z,373,0,0
2001-11-01T00:00:00Z,375,0,0
2001-12-01T00:00:00Z,376,0,0
2002-01-01T00:00:00Z,376,0,0
2002-02-01T00:00:00Z,376,0,0
2002-03-01T00:00:00Z,377,0,0
2002-04-01T00:00:00Z,379,0,0
2002-05-01T00:00:00Z,379,0,0
2002-06-01T00:00:00Z,379,0,0
2002-07-01T00:00:00Z,377,0,0
2002-08-01T00:00:00Z,375,0,0
2002-09-01T00:00:00Z,373,0,0
2002-10-01T00:00:00Z,373,0,0
2002-11-01T00:00:00Z,375,0,0
2002-12-01T00:00:00Z,376,0,0
2003-01-01T00:00:00Z,376,0,0
2003-02-01T00:00:00Z,376,0,0
2003-03-01T00:00:00Z,377,0,0
2003-04-01T00:00:00Z,379,0,0
2003-05-01T00:00:00Z,379,0,0
2003-06-01T00:00:00Z,379,0,0
2003-07-01T00:00:00Z,377,0,0
2003-08-01T00:00:00Z,375,0,0
2003-09-01T00:00:00Z,373,0,0
2003-10-01T00:00:00Z,373,0,0
2003-11-01T00:00:00Z,375,0,0
2003-12-01T00:00:00Z,376,0,0
2004-01-01T00:00:00Z,376,0,0
2004-02-01T00:00:00Z,376,0,0
2004-03-01T00:00:00Z,377,0,0
2004-04-01T00:00:00Z,379,0,0
2004-05-01T00:00:00Z,379,0,0
2004-06-01T00:00:00Z,379,0,0
2004-07-01T00:00:00Z,377,0,0
2004-08-01T00:00:00Z,375,0,0
2004-09-01T00:00:00Z,373,0,0
2004-10-01T00:00:00Z,373,0,0
2004-11-01T00:00:00Z,375,0,0
2004-12-01T00:00:00Z,376,0,0
2005-01-01T00:00:00Z,376,0,0
2005-02-01T00:00:00Z,376,0,0
2005-03-01T00:00:00Z,377,0,0
2005-04-01T00:00:00Z,379,0,0
2005-05-01T00:00:00Z,379,0,0
2005-06-01T00:00:00Z,379,0,0
2005-07-01T00:00:00Z,377,0,0
2005-08-01T00:00:00Z,375,0,0
2005-09-01T00:00:00Z,373,0,0
2005-10-01T00:00:00Z,373,0,0
2005-11-01T00:00:00Z,375,0,0
2005-12-01T00:00:00Z,376,0,0
2006-01-01T00:00:00Z,376,0,0
2006-02-01T00:00:00Z,376,0,0
2006-03-01T00:00:00Z,377,0,0
2006-04-01T00:00:00Z,379,0,0
2006-05-01T00:00:00Z,379,0,0
2006-06-01T00:00:00Z,379,0,0
2006-07-01T00:00:00Z,377,0,0
2006-08-01T00:00:00Z,375,0,0
2006-09-01T00:00:00Z,373,0,0
2006-10-01T00:00:00Z,373,0,0
2006-11-01T00:00:00Z,375,0,0
2006-12-01T00:00:00Z,376,0,0
2007-01-01T00:00:00Z,376,0,0
2007-02-01T00:00:00Z,376,0,0
2007-03-01T00:00:00Z,377,0,0
2007-04-01T00:00:00Z,379,0,0
2007-05-01T00:00:00Z,379,0,0
2007-06-01T00:00:00Z,379,0,0
2007-07-01T00:00:00Z,377,0,0
2007-08-01T00:00:00Z,375,0,0
2007-09-01T00:00:00Z,373,0,0
2007-10-01T00:00:00Z,373,0,0
2007-11-01T00:00:00Z,375,0,0
2007-12-01T00:00:00Z,376,0,0
2008-01-01T00:00:00Z,376,0,0
2008-02-01T00:00:00Z,376,0,0
2008-03-01T00:00:00Z,377,0,0
2008-04-01T00:00:00Z,379,0,0
2008-05-01T00:00:00Z,379,0,0
2008-06-01T00:00:00Z,379,0,0
2008-07-01T00:00:00Z,377,0,0
2008-08-01T00:00:00Z,375,0,0
2008-09-01T00:00:00Z,373,0,0
2008-10-01T00:00:00Z,373,0,0
2008-11-01T00:00:00Z,375,0,0
2008-12-01T00:00:00Z,376,0,0
2009-01-01T00:00:00Z,376,0,0
2009-02-01T00:00:00Z,376,0,0
2009-03-01T00:00:00Z,377,0,0
2009-04-01T00:00:00Z,379,0,0
2009-05-01T00:00:00Z,379,0,0
2009-06-01T00:00:00Z,379,0,0
2009-07-01T00:00:00Z,377,0,0
2009-08-01T00:00:00Z,375,0,0
2009-09-01T00:00:00Z,373,0,0
2009-10-01T00:00:00Z,373,0,0
2009-11-01T00:00:00Z,375,0,0
2009-12-01T00:00:00Z,376,0,0
2010-01-01T00:00:00Z,376,0,0
2010-02-01T00:00:00Z,376,0,0
2010-03-01T00:00:00Z,377,0,0
2010-04-01T00:00:00Z,379,0,0
2010-05-01T00:00:00Z,379,0,0
2010-06-01T00:00:00Z,379,0,0
2010-07-01T00:00:00Z,377,0,0
2010-08-01T00:00:00Z,375,0,0
2010-09-01T00:00:00Z,373,0,0
2010-10-01T00:00:00Z,373,0,0
2010-11-01T00:00:00Z,375,0,0
2010-12-01T00:00:00Z,376,0,0
2011-01-01T00:00:00Z,391,0,0
2011-02-01T00:00:00Z,392,0,0
2011-03-01T00:00:00Z,392,0,0
2011-04-01T00:00:00Z,393,0,0
2011-05-01T00:00:00Z,394,0,0
2011-06-01T00:00:00Z,394,0,0
2011-07-01T00:00:00Z,393,0,0
2011-08-01T00:00:00Z,390,0,0
2011-09-01T00:00:00Z,389,0,0
2011-10-01T00:00:00Z,389,0,0
2011-11-01T00:00:00Z,390,0,0
2011-12-01T00:00:00Z,392,0,0
2012-01-01T00:00:00Z,393,0,0
2012-02-01T00:00:00Z,393,0,0
2012-03-01T00:00:00Z,394,0,0
2012-04-01T00:00:00Z,397,0,0
2012-05-01T00:00:00Z,397,0,0
2012-06-01T00:00:00Z,396,0,0
2012-07-01T00:00:00Z,395,0,0
2012-08-01T00:00:00Z,393,0,0
2012-09-01T00:00:00Z,391,0,0
2012-10-01T00:00:00Z,391,0,0
2012-11-01T00:00:00Z,393,0,0
2012-12-01T00:00:00Z,394,0,0
2013-01-01T00:00:00Z,396,0,0
2013-02-01T00:00:00Z,397,0,0
2013-03-01T00:00:00Z,397,0,0
2013-04-01T00:00:00Z,398,0,0
2013-05-01T00:00:00Z,400,0,0
2013-06-01T00:00:00Z,399,0,0
2013-07-01T00:00:00Z,397,0,0
2013-08-01T00:00:00Z,395,0,0
2013-09-01T00:00:00Z,393,0,0
2013-10-01T00:00:00Z,394,0,0
2013-11-01T00:00:00Z,395,0,0
2013-12-01T00:00:00Z,397,0,0
2014-01-01T00:00:00Z,398,0,0
2014-02-01T00:00:00Z,398,0,0
2014-03-01T00:00:00Z,400,0,0
2014-04-01T00:00:00Z,401,0,0
2014-05-01T00:00:00Z,402,0,0
2014-06-01T00:00:00Z,401,0,0
2014-07-01T00:00:00Z,399,0,0
2014-08-01T00:00:00Z,397,0,0
2014-09-01T00:00:00Z,395,0,0
2014-10-01T00:00:00Z,396,0,0
2014-11-01T00:00:00Z,397,0,0
2014-12-01T00:00:00Z,399,0,0
2015-01-01T00:00:00Z,400,0,0
2015-02-01T00:00:00Z,400,0,0
2015-03-01T00:00:00Z,402,0,0
2015-04-01T00:00:00Z,404,0,0
2015-05-01T00:00:00Z,404,0,0
2015-06-01T00:00:00Z,403,0,0
2015-07-01T00:00:00Z,402,0,0
2015-08-01T00:00:00Z,399,0,0
2015-09-01T00:00:00Z,397,0,0
2015-10-01T00:00:00Z,398,0,0
2015-11-01T00:00:00Z,400,0,0
2015-12-01T00:00:00Z,402,0,0
2016-01-01T00:00:00Z,403,0,0
2016-02-01T00:00:00Z,404,0,0
2016-03-01T00:00:00Z,405,0,0
2016-04-01T00:00:00Z,408,0,0
2016-05-01T00:00:00Z,408,0,0
2016-06-01T00:00:00Z,407,0,0
2016-07-01T00:00:00Z,404,0,0
2016-08-01T00:00:00Z,402,0,0
2016-09-01T00:00:00Z,401,0,0
2016-10-01T00:00:00Z,401,0,0
2016-11-01T00:00:00Z,404,0,0
2016-12-01T00:00:00Z,404,0,0
2017-01-01T00:00:00Z,406,0,0
2017-02-01T00:00:00Z,407,0,0
2017-03-01T00:00:00Z,407,0,0
2017-04-01T00:00:00Z,409,0,0
2017-05-01T00:00:00Z,410,0,0
2017-06-01T00:00:00Z,409,0,0
2017-07-01T00:00:00Z,407,0,0
2017-08-01T00:00:00Z,405,0,0
2017-09-01T00:00:00Z,403,0,0
2017-10-01T00:00:00Z,404,0,0
2017-11-01T00:00:00Z,405,0,0
2017-12-01T00:00:00Z,407,0,0
2018-01-01T00:00:00Z,408,0,0
2018-02-01T00:00:00Z,408,0,0
2018-03-01T00:00:00Z,409,0,0
2018-04-01T00:00:00Z,410,0,0
2018-05-01T00:00:00Z,411,0,0
2018-06-01T00:00:00Z,411,0,0
2018-07-01T00:00:00Z,409,0,0
2018-08-01T00:00:00Z,407,0,0
2018-09-01T00:00:00Z,406,0,0
2018-10-01T00:00:00Z,406,0,0
2018-11-01T00:00:00Z,408,0,0
2018-12-01T00:00:00Z,409,0,0
2019-01-01T00:00:00Z,411,0,0
2019-02-01T00:00:00Z,412,0,0
2019-03-01T00:00:00Z,412,0,0
2019-04-01T00:00:00Z,413,0,0
2019-05-01T00:00:00Z,415,0,0
2019-06-01T00:00:00Z,414,0,0
2019-07-01T00:00:00Z,412,0,0
2019-08-01T00:00:00Z,410,0,0
2019-09-01T00:00:00Z,408,0,0
2019-10-01T00:00:00Z,408,0,0
2019-11-01T00:00:00Z,410,0,0
2019-12-01T00:00:00Z,412,0,0
2020-01-01T00:00:00Z,413,0,0
2020-02-01T00:00:00Z,414,0,0
2020-03-01T00:00:00Z,414,0,0
2020-04-01T00:00:00Z,416,0,0
2020-05-01T00:00:00Z,417,0,0
2020-06-01T00:00:00Z,416,0,0
2020-07-01T00:00:00Z,414,0,0
2020-08-01T00:00:00Z,413,0,0
2020-09-01T00:00:00Z,411,0,0
2020-10-01T00:00:00Z,411,0,0
2020-11-01T00:00:00Z,413,0,0
2020-12-01T00:00:00Z,414,0,0
2021-01-01T00:00:00Z,415,0,0
2021-02-01T00:00:00Z,416,0,0
2021-03-01T00:00:00Z,417,0,0
2021-04-01T00:00:00Z,418,0,0
2021-05-01T00:00:00Z,419,0,0
2021-06-01T00:00:00Z,419,0,0
2021-07-01T00:00:00Z,417,0,0
2021-08-01T00:00:00Z,414,0,0
2021-09-01T00:00:00Z,413,0,0
2021-10-01T00:00:00Z,414,0,0
2021-11-01T00:00:00Z,415,0,0
2021-12-01T00:00:00Z,416,0,0
#minrh,"","",""
"",eco2,eco2,eco2
TIMESTEP,MEAN(%),VARIANCE(%^2),STD_DEV(%)
2001-01-01T00:00:00Z,41.9197907585004,0,0
2001-02-01T00:00:00Z,39.9038077486353,0,0
2001-03-01T00:00:00Z,36.5091207833143,0,0
2001-04-01T00:00:00Z,33.6252252252252,0,0
2001-05-01T00:00:00Z,42.1629177564662,0,0
2001-06-01T00:00:00Z,50.0859459459459,0,0
2001-07-01T00:00:00Z,52.666085440279,0,0
2001-08-01T00:00:00Z,53.7410396926526,0,0
2001-09-01T00:00:00Z,53.245945945946,0,0
2001-10-01T00:00:00Z,46.2388840453357,0,0
2001-11-01T00:00:00Z,42.5495495495495,0,0
2001-12-01T00:00:00Z,45.792502179599,0,0
2002-01-01T00:00:00Z,41.9197907585004,0,0
2002-02-01T00:00:00Z,39.9038077486353,0,0
2002-03-01T00:00:00Z,36.5091207833143,0,0
2002-04-01T00:00:00Z,33.6252252252252,0,0
2002-05-01T00:00:00Z,42.1629177564662,0,0
2002-06-01T00:00:00Z,50.0859459459459,0,0
2002-07-01T00:00:00Z,52.666085440279,0,0
2002-08-01T00:00:00Z,53.7410396926526,0,0
2002-09-01T00:00:00Z,53.245945945946,0,0
2002-10-01T00:00:00Z,46.2388840453357,0,0
2002-11-01T00:00:00Z,42.5495495495495,0,0
2002-12-01T00:00:00Z,45.792502179599,0,0
2003-01-01T00:00:00Z,41.9197907585004,0,0
2003-02-01T00:00:00Z,39.9038077486353,0,0
2003-03-01T00:00:00Z,36.5091207833143,0,0
2003-04-01T00:00:00Z,33.6252252252252,0,0
2003-05-01T00:00:00Z,42.1629177564662,0,0
2003-06-01T00:00:00Z,50.0859459459459,0,0
2003-07-01T00:00:00Z,52.666085440279,0,0
2003-08-01T00:00:00Z,53.7410396926526,0,0
2003-09-01T00:00:00Z,53.245945945946,0,0
2003-10-01T00:00:00Z,46.2388840453357,0,0
2003-11-01T00:00:00Z,42.5495495495495,0,0
2003-12-01T00:00:00Z,45.792502179599,0,0
2004-01-01T00:00:00Z,41.9197907585004,0,0
2004-02-01T00:00:00Z,39.9038077486353,0,0
2004-03-01T00:00:00Z,36.5091207833143,0,0
2004-04-01T00:00:00Z,33.6252252252252,0,0
2004-05-01T00:00:00Z,42.1629177564662,0,0
2004-06-01T00:00:00Z,50.0859459459459,0,0
2004-07-01T00:00:00Z,52.666085440279,0,0
2004-08-01T00:00:00Z,53.7410396926526,0,0
2004-09-01T00:00:00Z,53.245945945946,0,0
2004-10-01T00:00:00Z,46.2388840453357,0,0
2004-11-01T00:00:00Z,42.5495495495495,0,0
2004-12-01T00:00:00Z,45.792502179599,0,0
2005-01-01T00:00:00Z,41.9197907585004,0,0
2005-02-01T00:00:00Z,39.9038077486353,0,0
2005-03-01T00:00:00Z,36.5091207833143,0,0
2005-04-01T00:00:00Z,33.6252252252252,0,0
2005-05-01T00:00:00Z,42.1629177564662,0,0
2005-06-01T00:00:00Z,50.0859459459459,0,0
2005-07-01T00:00:00Z,52.666085440279,0,0
2005-08-01T00:00:00Z,53.7410396926526,0,0
2005-09-01T00:00:00Z,53.245945945946,0,0
2005-10-01T00:00:00Z,46.2388840453357,0,0
2005-11-01T00:00:00Z,42.5495495495495,0,0
2005-12-01T00:00:00Z,45.792502179599,0,0
2006-01-01T00:00:00Z,41.9197907585004,0,0
2006-02-01T00:00:00Z,39.9038077486353,0,0
2006-03-01T00:00:00Z,36.5091207833143,0,0
2006-04-01T00:00:00Z,33.6252252252252,0,0
2006-05-01T00:00:00Z,42.1629177564662,0,0
2006-06-01T00:00:00Z,50.0859459459459,0,0
2006-07-01T00:00:00Z,52.666085440279,0,0
2006-08-01T00:00:00Z,53.7410396926526,0,0
2006-09-01T00:00:00Z,53.245945945946,0,0
2006-10-01T00:00:00Z,46.2388840453357,0,0
2006-11-01T00:00:00Z,42.5495495495495,0,0
2006-12-01T00:00:00Z,45.792502179599,0,0
2007-01-01T00:00:00Z,41.9197907585004,0,0
2007-02-01T00:00:00Z,39.9038077486353,0,0
2007-03-01T00:00:00Z,36.5091207833143,0,0
2007-04-01T00:00:00Z,33.6252252252252,0,0
2007-05-01T00:00:00Z,42.1629177564662,0,0
2007-06-01T00:00:00Z,50.0859459459459,0,0
2007-07-01T00:00:00Z,52.666085440279,0,0
2007-08-01T00:00:00Z,53.7410396926526,0,0
2007-09-01T00:00:00Z,53.245945945946,0,0
2007-10-01T00:00:00Z,46.2388840453357,0,0
2007-11-01T00:00:00Z,42.5495495495495,0,0
2007-12-01T00:00:00Z,45.792502179599,0,0
2008-01-01T00:00:00Z,41.9197907585004,0,0
2008-02-01T00:00:00Z,39.9038077486353,0,0
2008-03-01T00:00:00Z,36.5091207833143,0,0
2008-04-01T00:00:00Z,33.6252252252252,0,0
2008-05-01T00:00:00Z,42.1629177564662,0,0
2008-06-01T00:00:00Z,50.0859459459459,0,0
2008-07-01T00:00:00Z,52.666085440279,0,0
2008-08-01T00:00:00Z,53.7410396926526,0,0
2008-09-01T00:00:00Z,53.245945945946,0,0
2008-10-01T00:00:00Z,46.2388840453357,0,0
2008-11-01T00:00:00Z,42.5495495495495,0,0
2008-12-01T00:00:00Z,45.792502179599,0,0
2009-01-01T00:00:00Z,41.9197907585004,0,0
2009-02-01T00:00:00Z,39.9038077486353,0,0
2009-03-01T00:00:00Z,36.5091207833143,0,0
2009-04-01T00:00:00Z,33.6252252252252,0,0
2009-05-01T00:00:00Z,42.1629177564662,0,0
2009-06-01T00:00:00Z,50.0859459459459,0,0
2009-07-01T00:00:00Z,52.666085440279,0,0
2009-08-01T00:00:00Z,53.7410396926526,0,0
2009-09-01T00:00:00Z,53.245945945946,0,0
2009-10-01T00:00:00Z,46.2388840453357,0,0
2009-11-01T00:00:00Z,42.5495495495495,0,0
2009-12-01T00:00:00Z,45.792502179599,0,0
2010-01-01T00:00:00Z,41.9197907585004,0,0
2010-02-01T00:00:00Z,39.9038077486353,0,0
2010-03-01T00:00:00Z,36.5091207833143,0,0
2010-04-01T00:00:00Z,33.6252252252252,0,0
2010-05-01T00:00:00Z,42.1629177564662,0,0
2010-06-01T00:00:00Z,50.0859459459459,0,0
2010-07-01T00:00:00Z,52.666085440279,0,0
2010-08-01T00:00:00Z,53.7410396926526,0,0
2010-09-01T00:00:00Z,53.245945945946,0,0
2010-10-01T00:00:00Z,46.2388840453357,0,0
2010-11-01T00:00:00Z,42.5495495495495,0,0
2010-12-01T00:00:00Z,45.792502179599,0,0
2011-01-01T00:00:00Z,41.0645161290323,0,0
2011-02-01T00:00:00Z,32.6071428571429,0,0
2011-03-01T00:00:00Z,38.6129032258064,0,0
2011-04-01T00:00:00Z,30.7333333333333,0,0
2011-05-01T00:00:00Z,38.0322580645161,0,0
2011-06-01T00:00:00Z,42.0666666666667,0,0
2011-07-01T00:00:00Z,48.6451612903226,0,0
2011-08-01T00:00:00Z,39.4193548387097,0,0
2011-09-01T00:00:00Z,50.2666666666667,0,0
2011-10-01T00:00:00Z,38.1612903225806,0,0
2011-11-01T00:00:00Z,45.6666666666667,0,0
2011-12-01T00:00:00Z,46.741935483871,0,0
2012-01-01T00:00:00Z,46.2258064516129,0,0
2012-02-01T00:00:00Z,38.0344827586207,0,0
2012-03-01T00:00:00Z,34.4193548387097,0,0
2012-04-01T00:00:00Z,38.2,0,0
2012-05-01T00:00:00Z,45.1290322580645,0,0
2012-06-01T00:00:00Z,42.3666666666667,0,0
2012-07-01T00:00:00Z,51.2903225806452,0,0
2012-08-01T00:00:00Z,51.0322580645161,0,0
2012-09-01T00:00:00Z,50.6333333333333,0,0
2012-10-01T00:00:00Z,46.0322580645161,0,0
2012-11-01T00:00:00Z,32.8333333333333,0,0
2012-12-01T00:00:00Z,52.1612903225806,0,0
2013-01-01T00:00:00Z,49.1935483870968,0,0
2013-02-01T00:00:00Z,34.5,0,0
2013-03-01T00:00:00Z,34.6451612903226,0,0
2013-04-01T00:00:00Z,33.5666666666667,0,0
2013-05-01T00:00:00Z,41.9677419354839,0,0
2013-06-01T00:00:00Z,48.1,0,0
2013-07-01T00:00:00Z,57.2903225806452,0,0
2013-08-01T00:00:00Z,57.8709677419355,0,0
2013-09-01T00:00:00Z,53.2333333333333,0,0
2013-10-01T00:00:00Z,47.3870967741936,0,0
2013-11-01T00:00:00Z,35.3666666666667,0,0
2013-12-01T00:00:00Z,47.9032258064516,0,0
2014-01-01T00:00:00Z,30.4193548387097,0,0
2014-02-01T00:00:00Z,38.75,0,0
2014-03-01T00:00:00Z,33.9032258064516,0,0
2014-04-01T00:00:00Z,32.5666666666667,0,0
2014-05-01T00:00:00Z,38.6774193548387,0,0
2014-06-01T00:00:00Z,50.5333333333333,0,0
2014-07-01T00:00:00Z,51.0322580645161,0,0
2014-08-01T00:00:00Z,50.1935483870968,0,0
2014-09-01T00:00:00Z,54.7,0,0
2014-10-01T00:00:00Z,43.1935483870968,0,0
2014-11-01T00:00:00Z,31.8333333333333,0,0
2014-12-01T00:00:00Z,48.7096774193548,0,0
2015-01-01T00:00:00Z,37.7096774193548,0,0
2015-02-01T00:00:00Z,35.5357142857143,0,0
2015-03-01T00:00:00Z,38.0967741935484,0,0
2015-04-01T00:00:00Z,39.1666666666667,0,0
2015-05-01T00:00:00Z,40.7741935483871,0,0
2015-06-01T00:00:00Z,46.1,0,0
2015-07-01T00:00:00Z,52,0,0
2015-08-01T00:00:00Z,49,0,0
2015-09-01T00:00:00Z,54.0333333333333,0,0
2015-10-01T00:00:00Z,50.258064516129,0,0
2015-11-01T00:00:00Z,48.6666666666667,0,0
2015-12-01T00:00:00Z,52.9354838709677,0,0
2016-01-01T00:00:00Z,38.3225806451613,0,0
2016-02-01T00:00:00Z,40.551724137931,0,0
2016-03-01T00:00:00Z,32.7741935483871,0,0
2016-04-01T00:00:00Z,28.4666666666667,0,0
2016-05-01T00:00:00Z,39.6129032258064,0,0
2016-06-01T00:00:00Z,41.3,0,0
2016-07-01T00:00:00Z,46,0,0
2016-08-01T00:00:00Z,56.0967741935484,0,0
2016-09-01T00:00:00Z,44.0666666666667,0,0
2016-10-01T00:00:00Z,38.1935483870968,0,0
2016-11-01T00:00:00Z,31.1666666666667,0,0
2016-12-01T00:00:00Z,44.3870967741936,0,0
2017-01-01T00:00:00Z,45.5806451612903,0,0
2017-02-01T00:00:00Z,33.4285714285714,0,0
2017-03-01T00:00:00Z,33,0,0
2017-04-01T00:00:00Z,40.3666666666667,0,0
2017-05-01T00:00:00Z,40.7741935483871,0,0
2017-06-01T00:00:00Z,50.6666666666667,0,0
2017-07-01T00:00:00Z,46.0967741935484,0,0
2017-08-01T00:00:00Z,49.4838709677419,0,0
2017-09-01T00:00:00Z,47.6,0,0
2017-10-01T00:00:00Z,41.9354838709677,0,0
2017-11-01T00:00:00Z,43.2,0,0
2017-12-01T00:00:00Z,45.2903225806452,0,0
2018-01-01T00:00:00Z,37.0322580645161,0,0
2018-02-01T00:00:00Z,48.7142857142857,0,0
2018-03-01T00:00:00Z,34.2258064516129,0,0
2018-04-01T00:00:00Z,34.3666666666667,0,0
2018-05-01T00:00:00Z,45.5806451612903,0,0
2018-06-01T00:00:00Z,43.2666666666667,0,0
2018-07-01T00:00:00Z,51.7741935483871,0,0
2018-08-01T00:00:00Z,51.8064516129032,0,0
2018-09-01T00:00:00Z,56.7,0,0
2018-10-01T00:00:00Z,46.3548387096774,0,0
2018-11-01T00:00:00Z,48.8,0,0
2018-12-01T00:00:00Z,53.5483870967742,0,0
2019-01-01T00:00:00Z,43.8387096774194,0,0
2019-02-01T00:00:00Z,45.25,0,0
2019-03-01T00:00:00Z,30.9032258064516,0,0
2019-04-01T00:00:00Z,33.7,0,0
2019-05-01T00:00:00Z,40.4193548387097,0,0
2019-06-01T00:00:00Z,47.7333333333333,0,0
2019-07-01T00:00:00Z,49.0645161290323,0,0
2019-08-01T00:00:00Z,48.4230769230769,0,0
2019-09-01T00:00:00Z,41.1666666666667,0,0
2019-10-01T00:00:00Z,50.4193548387097,0,0
2019-11-01T00:00:00Z,35.0333333333333,0,0
2019-12-01T00:00:00Z,45.4838709677419,0,0
2020-01-01T00:00:00Z,44.1935483870968,0,0
2020-02-01T00:00:00Z,42.8275862068966,0,0
2020-03-01T00:00:00Z,42.9032258064516,0,0
2020-04-01T00:00:00Z,31.9666666666667,0,0
2020-05-01T00:00:00Z,44.3870967741936,0,0
2020-06-01T00:00:00Z,49.8,0,0
2020-07-01T00:00:00Z,52.4193548387097,0,0
2020-08-01T00:00:00Z,55.3548387096774,0,0
2020-09-01T00:00:00Z,54.7333333333333,0,0
2020-10-01T00:00:00Z,48.7096774193548,0,0
2020-11-01T00:00:00Z,35.5,0,0
2020-12-01T00:00:00Z,43.9032258064516,0,0
2021-01-01T00:00:00Z,42.2258064516129,0,0
2021-02-01T00:00:00Z,44.5714285714286,0,0
2021-03-01T00:00:00Z,34.258064516129,0,0
2021-04-01T00:00:00Z,26.6333333333333,0,0
2021-05-01T00:00:00Z,37.9032258064516,0,0
2021-06-01T00:00:00Z,46.3333333333333,0,0
2021-07-01T00:00:00Z,49.7741935483871,0,0
2021-08-01T00:00:00Z,52.9354838709677,0,0
2021-09-01T00:00:00Z,51.1666666666667,0,0
2021-10-01T00:00:00Z,50.6774193548387,0,0
2021-11-01T00:00:00Z,30.5333333333333,0,0
2021-12-01T00:00:00Z,46.2903225806452,0,0
#maxrh,"","",""
"",eco2,eco2,eco2
TIMESTEP,MEAN(%),VARIANCE(%^2),STD_DEV(%)
2001-01-01T00:00:00Z,91.4777680906713,0,0
2001-02-01T00:00:00Z,91.7633803754493,0,0
2001-03-01T00:00:00Z,91.7793239890014,0,0
2001-04-01T00:00:00Z,91.6559179869525,0,0
2001-05-01T00:00:00Z,94.4070328392909,0,0
2001-06-01T00:00:00Z,96.9569369369369,0,0
2001-07-01T00:00:00Z,96.7358326068003,0,0
2001-08-01T00:00:00Z,96.3824286001705,0,0
2001-09-01T00:00:00Z,96.2342342342342,0,0
2001-10-01T00:00:00Z,96.5562336530079,0,0
2001-11-01T00:00:00Z,95.9945945945946,0,0
2001-12-01T00:00:00Z,94.052310374891,0,0
2002-01-01T00:00:00Z,91.4777680906713,0,0
2002-02-01T00:00:00Z,91.7633803754493,0,0
2002-03-01T00:00:00Z,91.7793239890014,0,0
2002-04-01T00:00:00Z,91.6559179869525,0,0
2002-05-01T00:00:00Z,94.4070328392909,0,0
2002-06-01T00:00:00Z,96.9569369369369,0,0
2002-07-01T00:00:00Z,96.7358326068003,0,0
2002-08-01T00:00:00Z,96.3824286001705,0,0
2002-09-01T00:00:00Z,96.2342342342342,0,0
2002-10-01T00:00:00Z,96.5562336530079,0,0
2002-11-01T00:00:00Z,95.9945945945946,0,0
2002-12-01T00:00:00Z,94.052310374891,0,0
2003-01-01T00:00:00Z,91.4777680906713,0,0
2003-02-01T00:00:00Z,91.7633803754493,0,0
2003-03-01T00:00:00Z,91.7793239890014,0,0
2003-04-01T00:00:00Z,91.6559179869525,0,0
2003-05-01T00:00:00Z,94.4070328392909,0,0
2003-06-01T00:00:00Z,96.9569369369369,0,0
2003-07-01T00:00:00Z,96.7358326068003,0,0
2003-08-01T00:00:00Z,96.3824286001705,0,0
2003-09-01T00:00:00Z,96.2342342342342,0,0
2003-10-01T00:00:00Z,96.5562336530079,0,0
2003-11-01T00:00:00Z,95.9945945945946,0,0
2003-12-01T00:00:00Z,94.052310374891,0,0
2004-01-01T00:00:00Z,91.4777680906713,0,0
2004-02-01T00:00:00Z,91.7633803754493,0,0
2004-03-01T00:00:00Z,91.7793239890014,0,0
2004-04-01T00:00:00Z,91.6559179869525,0,0
2004-05-01T00:00:00Z,94.4070328392909,0,0
2004-06-01T00:00:00Z,96.9569369369369,0,0
2004-07-01T00:00:00Z,96.7358326068003,0,0
2004-08-01T00:00:00Z,96.3824286001705,0,0
2004-09-01T00:00:00Z,96.2342342342342,0,0
2004-10-01T00:00:00Z,96.5562336530079,0,0
2004-11-01T00:00:00Z,95.9945945945946,0,0
2004-12-01T00:00:00Z,94.052310374891,0,0
2005-01-01T00:00:00Z,91.4777680906713,0,0
2005-02-01T00:00:00Z,91.7633803754493,0,0
2005-03-01T00:00:00Z,91.7793239890014,0,0
2005-04-01T00:00:00Z,91.6559179869525,0,0
2005-05-01T00:00:00Z,94.4070328392909,0,0
2005-06-01T00:00:00Z,96.9569369369369,0,0
2005-07-01T00:00:00Z,96.7358326068003,0,0
2005-08-01T00:00:00Z,96.3824286001705,0,0
2005-09-01T00:00:00Z,96.2342342342342,0,0
2005-10-01T00:00:00Z,96.5562336530079,0,0
2005-11-01T00:00:00Z,95.9945945945946,0,0
2005-12-01T00:00:00Z,94.052310374891,0,0
2006-01-01T00:00:00Z,91.4777680906713,0,0
2006-02-01T00:00:00Z,91.7633803754493,0,0
2006-03-01T00:00:00Z,91.7793239890014,0,0
2006-04-01T00:00:00Z,91.6559179869525,0,0
2006-05-01T00:00:00Z,94.4070328392909,0,0
2006-06-01T00:00:00Z,96.9569369369369,0,0
2006-07-01T00:00:00Z,96.7358326068003,0,0
2006-08-01T00:00:00Z,96.3824286001705,0,0
2006-09-01T00:00:00Z,96.2342342342342,0,0
2006-10-01T00:00:00Z,96.5562336530079,0,0
2006-11-01T00:00:00Z,95.9945945945946,0,0
2006-12-01T00:00:00Z,94.052310374891,0,0
2007-01-01T00:00:00Z,91.4777680906713,0,0
2007-02-01T00:00:00Z,91.7633803754493,0,0
2007-03-01T00:00:00Z,91.7793239890014,0,0
2007-04-01T00:00:00Z,91.6559179869525,0,0
2007-05-01T00:00:00Z,94.4070328392909,0,0
2007-06-01T00:00:00Z,96.9569369369369,0,0
2007-07-01T00:00:00Z,96.7358326068003,0,0
2007-08-01T00:00:00Z,96.3824286001705,0,0
2007-09-01T00:00:00Z,96.2342342342342,0,0
2007-10-01T00:00:00Z,96.5562336530079,0,0
2007-11-01T00:00:00Z,95.9945945945946,0,0
2007-12-01T00:00:00Z,94.052310374891,0,0
2008-01-01T00:00:00Z,91.4777680906713,0,0
2008-02-01T00:00:00Z,91.7633803754493,0,0
2008-03-01T00:00:00Z,91.7793239890014,0,0
2008-04-01T00:00:00Z,91.6559179869525,0,0
2008-05-01T00:00:00Z,94.4070328392909,0,0
2008-06-01T00:00:00Z,96.9569369369369,0,0
2008-07-01T00:00:00Z,96.7358326068003,0,0
2008-08-01T00:00:00Z,96.3824286001705,0,0
2008-09-01T00:00:00Z,96.2342342342342,0,0
2008-10-01T00:00:00Z,96.5562336530079,0,0
2008-11-01T00:00:00Z,95.9945945945946,0,0
2008-12-01T00:00:00Z,94.052310374891,0,0
2009-01-01T00:00:00Z,91.4777680906713,0,0
2009-02-01T00:00:00Z,91.7633803754493,0,0
2009-03-01T00:00:00Z,91.7793239890014,0,0
2009-04-01T00:00:00Z,91.6559179869525,0,0
2009-05-01T00:00:00Z,94.4070328392909,0,0
2009-06-01T00:00:00Z,96.9569369369369,0,0
2009-07-01T00:00:00Z,96.7358326068003,0,0
2009-08-01T00:00:00Z,96.3824286001705,0,0
2009-09-01T00:00:00Z,96.2342342342342,0,0
2009-10-01T00:00:00Z,96.5562336530079,0,0
2009-11-01T00:00:00Z,95.9945945945946,0,0
2009-12-01T00:00:00Z,94.052310374891,0,0
2010-01-01T00:00:00Z,91.4777680906713,0,0
2010-02-01T00:00:00Z,91.7633803754493,0,0
2010-03-01T00:00:00Z,91.7793239890014,0,0
2010-04-01T00:00:00Z,91.6559179869525,0,0
2010-05-01T00:00:00Z,94.4070328392909,0,0
2010-06-01T00:00:00Z,96.9569369369369,0,0
2010-07-01T00:00:00Z,96.7358326068003,0,0
2010-08-01T00:00:00Z,96.3824286001705,0,0
2010-09-01T00:00:00Z,96.2342342342342,0,0
2010-10-01T00:00:00Z,96.5562336530079,0,0
2010-11-01T00:00:00Z,95.9945945945946,0,0
2010-12-01T00:00:00Z,94.052310374891,0,0
2011-01-01T00:00:00Z,95.0645161290323,0,0
2011-02-01T00:00:00Z,93.7142857142857,0,0
2011-03-01T00:00:00Z,96.4838709677419,0,0
2011-04-01T00:00:00Z,97.8666666666667,0,0
2011-05-01T00:00:00Z,98.9354838709677,0,0
2011-06-01T00:00:00Z,99.9666666666667,0,0
2011-07-01T00:00:00Z,99.9354838709677,0,0
2011-08-01T00:00:00Z,99.6129032258064,0,0
2011-09-01T00:00:00Z,99.8,0,0
2011-10-01T00:00:00Z,98.7096774193548,0,0
2011-11-01T00:00:00Z,98.4333333333333,0,0
2011-12-01T00:00:00Z,99.3870967741936,0,0
2012-01-01T00:00:00Z,97.6129032258064,0,0
2012-02-01T00:00:00Z,96.448275862069,0,0
2012-03-01T00:00:00Z,96.9354838709677,0,0
2012-04-01T00:00:00Z,94.9333333333333,0,0
2012-05-01T00:00:00Z,99.9677419354839,0,0
2012-06-01T00:00:00Z,99.7666666666667,0,0
2012-07-01T00:00:00Z,99.9677419354839,0,0
2012-08-01T00:00:00Z,100,0,0
2012-09-01T00:00:00Z,100,0,0
2012-10-01T00:00:00Z,97.7741935483871,0,0
2012-11-01T00:00:00Z,98,0,0
2012-12-01T00:00:00Z,97.9677419354839,0,0
2013-01-01T00:00:00Z,97.5806451612903,0,0
2013-02-01T00:00:00Z,95.7857142857143,0,0
2013-03-01T00:00:00Z,91.4838709677419,0,0
2013-04-01T00:00:00Z,96.9666666666667,0,0
2013-05-01T00:00:00Z,98.0645161290323,0,0
2013-06-01T00:00:00Z,100,0,0
2013-07-01T00:00:00Z,100,0,0
2013-08-01T00:00:00Z,100,0,0
2013-09-01T00:00:00Z,100,0,0
2013-10-01T00:00:00Z,99.7741935483871,0,0
2013-11-01T00:00:00Z,98.2333333333333,0,0
2013-12-01T00:00:00Z,98.8064516129032,0,0
2014-01-01T00:00:00Z,93.0967741935484,0,0
2014-02-01T00:00:00Z,97.8214285714286,0,0
2014-03-01T00:00:00Z,94.4193548387097,0,0
2014-04-01T00:00:00Z,96,0,0
2014-05-01T00:00:00Z,98.7741935483871,0,0
2014-06-01T00:00:00Z,99.7,0,0
2014-07-01T00:00:00Z,100,0,0
2014-08-01T00:00:00Z,99.9354838709677,0,0
2014-09-01T00:00:00Z,100,0,0
2014-10-01T00:00:00Z,100,0,0
2014-11-01T00:00:00Z,97.1666666666667,0,0
2014-12-01T00:00:00Z,99.4838709677419,0,0
2015-01-01T00:00:00Z,96.0967741935484,0,0
2015-02-01T00:00:00Z,93.9285714285714,0,0
2015-03-01T00:00:00Z,98.9032258064516,0,0
2015-04-01T00:00:00Z,96.5,0,0
2015-05-01T00:00:00Z,97,0,0
2015-06-01T00:00:00Z,98.1333333333333,0,0
2015-07-01T00:00:00Z,98.6129032258064,0,0
2015-08-01T00:00:00Z,98.8709677419355,0,0
2015-09-01T00:00:00Z,99.3333333333333,0,0
2015-10-01T00:00:00Z,99.741935483871,0,0
2015-11-01T00:00:00Z,97.8,0,0
2015-12-01T00:00:00Z,99.2258064516129,0,0
2016-01-01T00:00:00Z,95.5161290322581,0,0
2016-02-01T00:00:00Z,92.8275862068966,0,0
2016-03-01T00:00:00Z,96.5161290322581,0,0
2016-04-01T00:00:00Z,94.6666666666667,0,0
2016-05-01T00:00:00Z,98.4838709677419,0,0
2016-06-01T00:00:00Z,99.5,0,0
2016-07-01T00:00:00Z,99.9677419354839,0,0
2016-08-01T00:00:00Z,99.7741935483871,0,0
2016-09-01T00:00:00Z,99.9666666666667,0,0
2016-10-01T00:00:00Z,99.3870967741936,0,0
2016-11-01T00:00:00Z,96.8333333333333,0,0
2016-12-01T00:00:00Z,98.2903225806452,0,0
2017-01-01T00:00:00Z,97.1290322580645,0,0
2017-02-01T00:00:00Z,96.1785714285714,0,0
2017-03-01T00:00:00Z,94.5806451612903,0,0
2017-04-01T00:00:00Z,97.0666666666667,0,0
2017-05-01T00:00:00Z,99.1290322580645,0,0
2017-06-01T00:00:00Z,99.8333333333333,0,0
2017-07-01T00:00:00Z,99.9677419354839,0,0
2017-08-01T00:00:00Z,99.8387096774194,0,0
2017-09-01T00:00:00Z,99.9333333333333,0,0
2017-10-01T00:00:00Z,99.9677419354839,0,0
2017-11-01T00:00:00Z,99.8333333333333,0,0
2017-12-01T00:00:00Z,97.1612903225806,0,0
2018-01-01T00:00:00Z,94.6774193548387,0,0
2018-02-01T00:00:00Z,98.7142857142857,0,0
2018-03-01T00:00:00Z,90.1935483870968,0,0
2018-04-01T00:00:00Z,94.1,0,0
2018-05-01T00:00:00Z,99.1612903225806,0,0
2018-06-01T00:00:00Z,99.1333333333333,0,0
2018-07-01T00:00:00Z,99.1612903225806,0,0
2018-08-01T00:00:00Z,99.6774193548387,0,0
2018-09-01T00:00:00Z,99.6,0,0
2018-10-01T00:00:00Z,99.6774193548387,0,0
2018-11-01T00:00:00Z,98.6333333333333,0,0
2018-12-01T00:00:00Z,99.2903225806452,0,0
2019-01-01T00:00:00Z,96.0322580645161,0,0
2019-02-01T00:00:00Z,96.8928571428571,0,0
2019-03-01T00:00:00Z,94.8709677419355,0,0
2019-04-01T00:00:00Z,96.8666666666667,0,0
2019-05-01T00:00:00Z,99.9354838709677,0,0
2019-06-01T00:00:00Z,99.6,0,0
2019-07-01T00:00:00Z,100,0,0
2019-08-01T00:00:00Z,99.8076923076923,0,0
2019-09-01T00:00:00Z,100,0,0
2019-10-01T00:00:00Z,100,0,0
2019-11-01T00:00:00Z,99.5,0,0
2019-12-01T00:00:00Z,96.8064516129032,0,0
2020-01-01T00:00:00Z,98.0322580645161,0,0
2020-02-01T00:00:00Z,96.6551724137931,0,0
2020-03-01T00:00:00Z,98.2903225806452,0,0
2020-04-01T00:00:00Z,94.6666666666667,0,0
2020-05-01T00:00:00Z,97,0,0
2020-06-01T00:00:00Z,98.8333333333333,0,0
2020-07-01T00:00:00Z,99.7096774193548,0,0
2020-08-01T00:00:00Z,100,0,0
2020-09-01T00:00:00Z,99.7,0,0
2020-10-01T00:00:00Z,99.6451612903226,0,0
2020-11-01T00:00:00Z,97.8,0,0
2020-12-01T00:00:00Z,97.3225806451613,0,0
2021-01-01T00:00:00Z,96.8387096774194,0,0
2021-02-01T00:00:00Z,96.3571428571429,0,0
2021-03-01T00:00:00Z,94.5806451612903,0,0
2021-04-01T00:00:00Z,94.4666666666667,0,0
2021-05-01T00:00:00Z,97.1290322580645,0,0
2021-06-01T00:00:00Z,98.0666666666667,0,0
2021-07-01T00:00:00Z,98.4193548387097,0,0
2021-08-01T00:00:00Z,98.8387096774194,0,0
2021-09-01T00:00:00Z,99.3666666666667,0,0
2021-10-01T00:00:00Z,99.6451612903226,0,0
2021-11-01T00:00:00Z,98.0666666666667,0,0
2021-12-01T00:00:00Z,99.5161290322581,0,0
